{
  "Total" : {
    "transaction" : "Total",
    "sampleCount" : 40,
    "errorCount" : 20,
    "errorPct" : 50.0,
    "meanResTime" : 871.0249999999999,
    "medianResTime" : 756.0,
    "minResTime" : 533.0,
    "maxResTime" : 1590.0,
    "pct1ResTime" : 1458.3,
    "pct2ResTime" : 1500.85,
    "pct3ResTime" : 1590.0,
    "throughput" : 4.551143474798042,
    "receivedKBytesPerSec" : 76.48854391853453,
    "sentKBytesPerSec" : 1.5580110791898965
  },
  "TestRequest_01_Google" : {
    "transaction" : "TestRequest_01_Google",
    "sampleCount" : 20,
    "errorCount" : 20,
    "errorPct" : 100.0,
    "meanResTime" : 862.8999999999999,
    "medianResTime" : 731.5,
    "minResTime" : 554.0,
    "maxResTime" : 1501.0,
    "pct1ResTime" : 1364.9000000000003,
    "pct2ResTime" : 1494.6999999999998,
    "pct3ResTime" : 1501.0,
    "throughput" : 2.73000273000273,
    "receivedKBytesPerSec" : 46.00161240786241,
    "sentKBytesPerSec" : 0.7510173525798526
  },
  "TestRequest_02_Google" : {
    "transaction" : "TestRequest_02_Google",
    "sampleCount" : 20,
    "errorCount" : 0,
    "errorPct" : 0.0,
    "meanResTime" : 879.15,
    "medianResTime" : 756.0,
    "minResTime" : 533.0,
    "maxResTime" : 1590.0,
    "pct1ResTime" : 1494.3000000000002,
    "pct2ResTime" : 1585.3999999999999,
    "pct3ResTime" : 1590.0,
    "throughput" : 2.7056277056277054,
    "receivedKBytesPerSec" : 45.35308441558441,
    "sentKBytesPerSec" : 1.1081447849025974
  }
}